<?xml version="1.0" encoding="UTF-8" standalone="yes"?>
<addon id="plugin.video.Cottywizard" name="CottyWizard" version="1.0.1" provider-name="Cottykodi2015">
  <requires>
    <import addon="xbmc.python" version="2.1.0"/>
  </requires>
  <extension point="xbmc.python.pluginsource" library="default.py">
        <provides>video executable</provides>
  </extension>
  <extension point="xbmc.addon.metadata">
    <summary lang="en">CottyWizard</summary>
    <description lang="en">Easy Install With KODI / My First Wizard/##Credit To Husham for his support and friendship##</description>
    <platform>all</platform>
  </extension>
</addon>
